[
	{
		"name": "Hanamichi Sakuragi",
		"description": "I'm tensai Sakuragi Hanamichi. I'm going to play basketball, because I'm the best basketball player",
		"icon": "https://i.imgur.com/vR971ql.png",
		"about": "https://slamdunk.fandom.com/wiki/Hanamichi_Sakuragi",
		"bottom_color": "#8f1f1b",
		"bottom": "34%",
		"top_color": " #da3323",
		"top": "100%"
	},
	{
		"name": "Baby Totoro",
		"description": "Little and so kawaii!",
		"icon": "https://i.imgur.com/aBGOE93.png",
		"about": "https://myanimelist.net/featured/1098/Everything_Cute_and_Kawaii_about_My_Neighbor_Totoro",
		"bottom_color": "#a5c956",
		"bottom": "20%",
		"top_color": "#cdeb8e",
		"top": "100%"
	},
	{
		"name": "Umaru Doma",
		"description": "Outside of school, Umaru often wears fashionable, frilly clothes that most girls her age are seen wearing.",
		"icon": "https://i.imgur.com/iq2wVga.png",
		"about": "https://himoutoumaru-chan.fandom.com/wiki/Umaru_Doma",
		"bottom_color": "#fe7c04",
		"bottom": "24%",
		"top_color": "#ffaf4b",
		"top": "75%"
	}
]
